 [QUOTE_DATE],STRIKE,C_IV,P_IV,C_LAST,P_LAST
2018-01-02,2695.0,0.07549,0.06018,19.98,20.1
2018-01-03,2715.0,0.07249,0.05435,18.13,19.75
2018-01-04,2725.0,0.06976,0.06254,21.6,19.25
2018-01-05,2740.0,0.0746,0.06344,22.0,18.68
2018-01-08,2745.0,0.07366,0.06348,20.49,17.45
2018-01-09,2750.0,0.07612,0.07086,23.0,16.8
2018-01-10,2750.0,0.07642,0.06609,18.7,20.0
2018-01-11,2765.0,0.07505,0.07001,19.68,17.5
2018-01-12,2785.0,0.07776,0.07378,20.74,18.78
2018-01-16,2775.0,0.09412,0.08746,23.2,17.5
2018-01-17,2805.0,0.0921,0.08371,21.74,20.1
2018-01-18,2800.0,0.10477,0.07721,22.2,16.9
2018-01-19,2810.0,0.08647,0.07578,17.8,20.75
2018-01-22,2835.0,0.0863,0.08139,14.33,17.2
2018-01-23,2840.0,0.0879,0.07777,15.9,14.2
2018-01-24,2840.0,0.09424,0.08727,15.35,15.1
2018-01-25,2840.0,0.09342,0.08786,14.2,14.2
2018-01-26,2870.0,0.07428,0.07882,11.35,10.7
2018-01-29,2855.0,0.12257,0.10841,12.5,12.2
2018-01-30,2825.0,0.13088,0.11475,9.8,10.4
2018-02-01,2820.0,0.11491,0.10423,35.6,35.15
2018-02-02,2760.0,0.14782,0.12287,87.2,41.27
2018-02-05,2650.0,0.36867,0.1841,84.8,72.0
2018-02-06,2695.0,0.23568,0.23834,82.9,104.01
2018-02-07,2680.0,0.21199,0.13859,53.26,43.0
2018-02-08,2580.0,0.28496,0.28164,78.3,61.2
2018-02-09,2620.0,0.22416,0.2292,45.35,85.3
2018-02-12,2655.0,0.19371,0.18747,48.57,54.75
2018-02-13,2665.0,0.17972,0.17865,36.6,40.3
2018-02-14,2700.0,0.15527,0.14363,31.6,32.6
2018-02-15,2730.0,0.13443,0.14164,27.65,29.4
2018-02-16,2730.0,0.14379,0.13704,32.8,24.5
2018-02-20,2715.0,0.16384,0.14125,25.85,26.05
2018-02-21,2700.0,0.16663,0.14137,37.0,23.2
2018-02-22,2705.0,0.14295,0.14051,20.93,20.8
2018-02-23,2750.0,0.09552,0.10462,12.3,16.3
2018-02-26,2780.0,0.11591,0.11829,11.4,13.4
2018-02-27,2745.0,0.16155,0.12941,14.74,10.6
2018-03-01,2675.0,0.16568,0.15718,47.91,44.65
2018-03-02,2690.0,0.15599,0.14029,42.1,43.6
2018-03-05,2720.0,0.14844,0.12854,41.8,36.8
2018-03-06,2730.0,0.14565,0.12929,37.77,40.0
2018-03-07,2725.0,0.14418,0.12698,38.7,37.55
2018-03-08,2740.0,0.12665,0.1231,32.7,36.5
2018-03-09,2785.0,0.12033,0.10092,29.95,32.35
2018-03-12,2785.0,0.12423,0.11469,29.53,29.98
2018-03-13,2765.0,0.12881,0.11555,27.9,29.0
2018-03-14,2750.0,0.12173,0.12194,28.0,27.8
2018-03-15,2745.0,0.11942,0.10854,28.15,22.47
2018-03-16,2750.0,0.10929,0.0973,25.7,18.8
2018-03-19,2715.0,0.15415,0.1434,25.6,31.0
2018-03-20,2715.0,0.14471,0.14616,27.7,24.65
2018-03-21,2710.0,0.14691,0.13781,27.35,20.7
2018-03-22,2645.0,0.22021,0.19205,32.05,31.26
2018-03-23,2590.0,0.25127,0.23694,35.12,35.93
2018-03-26,2660.0,0.18654,0.18799,20.17,21.33
2018-03-27,2615.0,0.21127,0.20399,18.85,19.8
2018-03-28,2605.0,0.19331,0.18114,19.72,12.0
2018-04-02,2580.0,0.20901,0.1867,58.9,53.9
2018-04-03,2615.0,0.18503,0.17644,40.55,67.25
2018-04-04,2645.0,0.1729,0.1635,48.81,61.55
2018-04-05,2665.0,0.16484,0.15277,46.3,50.91
2018-04-06,2605.0,0.1815,0.17809,49.58,47.45
2018-04-09,2615.0,0.19015,0.18739,68.25,48.0
2018-04-10,2655.0,0.17849,0.16478,47.8,48.8
2018-04-11,2640.0,0.17031,0.16379,53.6,40.0
2018-04-12,2665.0,0.15521,0.14504,38.2,36.6
2018-04-13,2655.0,0.14382,0.13598,32.55,31.65
2018-04-16,2680.0,0.12416,0.11856,30.6,26.05
2018-04-17,2705.0,0.11893,0.11066,27.61,22.8
2018-04-18,2710.0,0.11563,0.10534,22.9,22.14
2018-04-19,2695.0,0.1228,0.11246,21.4,23.9
2018-04-20,2670.0,0.13285,0.13245,23.58,24.0
2018-04-23,2670.0,0.13308,0.12849,20.63,20.4
2018-04-24,2635.0,0.1573,0.15387,18.0,22.05
2018-04-25,2640.0,0.14078,0.16299,18.4,22.28
2018-04-26,2665.0,0.11057,0.1113,14.87,12.88
2018-04-27,2670.0,0.07659,0.06718,9.25,6.8
2018-05-01,2655.0,0.13252,0.1173,41.0,48.8
2018-05-02,2635.0,0.14353,0.11402,38.15,40.05
2018-05-03,2630.0,0.13164,0.13525,41.0,59.75
2018-05-04,2665.0,0.11801,0.11665,29.4,49.8
2018-05-07,2675.0,0.12117,0.11265,32.9,32.03
2018-05-08,2670.0,0.11969,0.11376,30.4,31.26
2018-05-09,2700.0,0.1075,0.10018,25.6,32.25
2018-05-10,2725.0,0.10723,0.08645,23.98,28.8
2018-05-11,2730.0,0.09228,0.09538,22.5,29.3
2018-05-14,2730.0,0.09369,0.09386,23.5,23.85
2018-05-15,2710.0,0.11299,0.09821,21.7,28.0
2018-05-16,2725.0,0.0962,0.09097,19.7,22.5
2018-05-17,2720.0,0.10092,0.08309,19.1,21.3
2018-05-18,2715.0,0.09611,0.08713,18.76,19.7
2018-05-21,2735.0,0.0851,0.08624,13.5,17.38
2018-05-22,2725.0,0.08439,0.07838,15.53,15.7
2018-05-23,2735.0,0.08226,0.06483,11.41,17.0
2018-05-24,2730.0,0.07113,0.06636,9.5,12.9
2018-05-25,2720.0,0.09036,0.06429,11.91,12.6
2018-05-29,2690.0,0.12527,0.13371,12.27,12.69
2018-05-30,2725.0,0.08299,0.07423,6.65,6.8
2018-06-01,2735.0,0.10346,0.09353,29.0,31.35
2018-06-04,2745.0,0.10175,0.08813,29.7,27.5
2018-06-05,2750.0,0.09549,0.0898,26.7,26.89
2018-06-06,2770.0,0.08896,0.08393,23.8,25.14
2018-06-07,2770.0,0.09419,0.08841,25.38,25.53
2018-06-08,2780.0,0.09346,0.0831,24.05,25.05
2018-06-11,2780.0,0.09702,0.09212,28.15,20.0
2018-06-12,2785.0,0.10051,0.07957,20.8,21.9
2018-06-13,2775.0,0.09967,0.0893,24.0,21.3
2018-06-14,2785.0,0.08658,0.08127,20.15,20.33
2018-06-15,2780.0,0.08524,0.08329,17.85,19.2
2018-06-18,2775.0,0.08974,0.08708,18.1,19.05
2018-06-19,2765.0,0.09815,0.09422,18.0,19.45
2018-06-20,2770.0,0.0916,0.08811,15.8,17.1
2018-06-21,2750.0,0.11523,0.10756,19.4,18.77
2018-06-22,2755.0,0.09471,0.09333,15.65,15.16
2018-06-25,2715.0,0.15347,0.14132,22.7,15.15
2018-06-26,2725.0,0.12909,0.1237,13.5,15.4
2018-06-27,2700.0,0.17197,0.15062,18.6,14.55
2018-06-28,2715.0,0.11467,0.12642,10.23,9.25
2018-07-02,2725.0,0.12449,0.10887,32.3,45.15
2018-07-05,2735.0,0.11649,0.10605,29.4,36.6
2018-07-06,2760.0,0.10391,0.08955,30.19,27.83
2018-07-09,2785.0,0.08965,0.08426,24.8,24.07
2018-07-10,2795.0,0.09229,0.07814,23.7,23.6
2018-07-11,2775.0,0.10423,0.08462,27.0,23.1
2018-07-12,2800.0,0.09368,0.07476,21.85,24.2
2018-07-13,2800.0,0.08742,0.07741,22.99,19.9
2018-07-16,2800.0,0.09738,0.06654,19.0,21.8
2018-07-17,2810.0,0.08369,0.0732,18.5,16.8
2018-07-18,2815.0,0.08284,0.06502,17.5,15.5
2018-07-19,2805.0,0.08516,0.07539,17.08,17.3
2018-07-20,2800.0,0.08898,0.07207,17.45,14.4
2018-07-23,2805.0,0.08186,0.07788,15.8,12.4
2018-07-24,2820.0,0.08072,0.07172,12.94,13.3
2018-07-25,2845.0,0.08639,0.05437,12.2,11.3
2018-07-26,2835.0,0.0776,0.06786,11.9,8.95
2018-07-27,2820.0,0.07848,0.04921,8.5,9.25
2018-07-30,2800.0,0.0821,0.07427,8.0,5.2
2018-08-01,2815.0,0.10163,0.0787,29.1,30.0
2018-08-02,2825.0,0.09307,0.08377,29.2,26.65
2018-08-03,2840.0,0.08604,0.07316,24.6,26.65
2018-08-06,2850.0,0.08441,0.07224,23.5,24.6
2018-08-07,2860.0,0.08196,0.07205,21.7,23.4
2018-08-08,2860.0,0.08533,0.06134,21.93,22.33
2018-08-09,2855.0,0.08386,0.07133,24.1,23.0
2018-08-10,2835.0,0.09163,0.0897,24.35,25.0
2018-08-13,2820.0,0.10581,0.10446,28.65,26.46
2018-08-14,2840.0,0.09449,0.08663,24.4,22.26
2018-08-15,2820.0,0.10649,0.10676,25.35,26.9
2018-08-16,2840.0,0.09314,0.09202,22.2,22.57
2018-08-17,2850.0,0.08784,0.0815,20.7,19.2
2018-08-20,2855.0,0.08399,0.07993,18.7,16.03
2018-08-21,2865.0,0.09701,0.0624,15.82,16.32
2018-08-22,2860.0,0.08887,0.06743,16.3,13.5
2018-08-23,2855.0,0.08212,0.07916,15.34,14.0
2018-08-24,2875.0,0.07022,0.07002,11.9,12.4
2018-08-27,2895.0,0.07325,0.07312,11.05,9.1
2018-08-28,2900.0,0.06967,0.06862,7.2,10.1
2018-08-29,2915.0,0.06693,0.06112,6.33,7.4
2018-08-30,2900.0,0.07115,0.07018,6.85,5.6
2018-09-04,2895.0,0.09626,0.08812,27.55,27.7
2018-09-05,2890.0,0.10209,0.08444,26.6,29.0
2018-09-06,2880.0,0.10769,0.0955,30.22,28.88
2018-09-07,2870.0,0.10824,0.10023,32.25,29.0
2018-09-10,2880.0,0.09907,0.0929,24.6,24.55
2018-09-11,2890.0,0.09129,0.08465,21.57,22.97
2018-09-12,2890.0,0.09037,0.07778,21.01,20.68
2018-09-13,2905.0,0.08104,0.07211,17.65,20.3
2018-09-14,2905.0,0.0795,0.07067,18.3,16.21
2018-09-17,2890.0,0.09913,0.08981,19.5,19.23
2018-09-18,2905.0,0.09353,0.08047,19.15,17.0
2018-09-19,2910.0,0.08399,0.07311,15.4,15.2
2018-09-20,2930.0,0.08241,0.07569,16.0,13.0
2018-09-21,2930.0,0.07953,0.07643,12.6,14.3
2018-09-24,2920.0,0.09452,0.09078,12.9,12.2
2018-09-25,2915.0,0.09044,0.0951,11.1,11.25
2018-09-26,2905.0,0.09081,0.10912,10.9,9.85
2018-09-27,2915.0,0.08102,0.07621,7.3,5.61
2018-10-01,2925.0,0.08983,0.07818,30.3,28.15
2018-10-02,2925.0,0.09281,0.07599,29.22,27.0
2018-10-03,2925.0,0.0893,0.08062,30.4,26.8
2018-10-04,2900.0,0.10881,0.09726,35.46,30.64
2018-10-05,2885.0,0.11717,0.10932,38.0,43.75
2018-10-08,2885.0,0.12202,0.11074,35.5,33.05
2018-10-09,2880.0,0.12349,0.11092,36.65,31.8
2018-10-10,2785.0,0.2091,0.1567,57.9,34.1
2018-10-11,2730.0,0.23064,0.21903,62.9,56.9
2018-10-12,2765.0,0.19037,0.1647,43.2,43.6
2018-10-15,2750.0,0.20492,0.16145,54.85,39.0
2018-10-16,2810.0,0.14207,0.13546,34.8,33.2
2018-10-17,2810.0,0.14331,0.13469,34.0,33.2
2018-10-18,2770.0,0.16802,0.1708,35.8,38.65
2018-10-19,2765.0,0.18163,0.15437,46.9,33.8
2018-10-22,2755.0,0.178,0.15554,32.0,28.3
2018-10-23,2740.0,0.19025,0.18771,33.05,31.95
2018-10-24,2655.0,0.28048,0.26006,84.2,30.8
2018-10-25,2705.0,0.28608,0.12182,42.3,30.4
2018-10-26,2660.0,0.26094,0.2681,51.83,39.8
2018-10-29,2640.0,0.26265,0.28267,24.4,25.8
2018-10-30,2685.0,0.20857,0.22205,17.4,17.3
2018-11-01,2740.0,0.16891,0.15477,49.53,51.7
2018-11-02,2720.0,0.16875,0.16779,51.7,52.1
2018-11-05,2740.0,0.16951,0.16129,46.45,49.4
2018-11-06,2755.0,0.16419,0.16402,46.45,48.45
2018-11-07,2815.0,0.13427,0.12851,34.45,42.2
2018-11-08,2805.0,0.1319,0.13033,36.05,38.15
2018-11-09,2780.0,0.1502,0.12572,39.35,43.85
2018-11-12,2725.0,0.17689,0.17056,55.7,44.45
2018-11-13,2720.0,0.17319,0.17166,40.4,39.4
2018-11-14,2700.0,0.19908,0.17393,51.0,42.5
2018-11-15,2730.0,0.15811,0.17069,34.3,43.1
2018-11-16,2735.0,0.15461,0.1587,38.4,30.0
2018-11-19,2690.0,0.18004,0.18289,33.98,38.22
2018-11-20,2640.0,0.22056,0.1888,40.0,35.85
2018-11-21,2650.0,0.18375,0.1561,29.9,29.15
2018-11-23,2635.0,0.18848,0.17822,27.25,32.0
2018-11-26,2675.0,0.19038,0.1427,20.0,22.5
2018-11-27,2680.0,0.16091,0.17385,19.8,18.8
2018-11-28,2745.0,0.16781,0.14756,14.3,16.9
2018-11-29,2740.0,0.12556,0.10165,9.25,10.7
2018-12-03,2790.0,0.14361,0.13097,44.88,44.3
2018-12-04,2700.0,0.18695,0.176,55.0,53.08
2018-12-05,2700.0,0.19118,0.17656,54.5,52.02
2018-12-06,2695.0,0.19726,0.16848,32.15,67.8
2018-12-07,2635.0,0.21872,0.20278,57.53,56.52
2018-12-10,2640.0,0.20595,0.18597,53.5,49.2
2018-12-11,2635.0,0.19267,0.18817,58.1,40.98
2018-12-12,2650.0,0.18789,0.17414,51.0,36.2
2018-12-13,2650.0,0.1895,0.1466,42.9,39.9
2018-12-14,2600.0,0.18428,0.17812,43.4,45.0
2018-12-17,2545.0,0.22345,0.21352,45.98,44.03
2018-12-18,2545.0,0.23395,0.2273,56.0,45.0
2018-12-19,2505.0,0.21714,0.20697,42.45,23.95
2018-12-20,2470.0,0.22736,0.24274,33.05,49.45
2018-12-21,2415.0,0.26824,0.25484,46.9,42.87
2018-12-24,2350.0,0.34516,0.33163,42.9,50.25
2018-12-26,2470.0,0.25057,0.26446,30.12,43.05
2018-12-27,2490.0,0.23487,0.287,22.28,83.7
2018-12-28,2485.0,0.20698,0.23278,22.15,22.1
2019-01-02,2510.0,0.20371,0.19549,56.2,73.5
2019-01-03,2445.0,0.24362,0.20968,76.9,58.1
2019-01-04,2530.0,0.20029,0.17575,57.2,60.75
2019-01-07,2550.0,0.19406,0.17288,49.7,47.2
2019-01-08,2575.0,0.18405,0.15959,46.05,45.5
2019-01-09,2585.0,0.18055,0.15381,47.3,40.0
2019-01-10,2595.0,0.17451,0.14749,37.0,40.0
2019-01-11,2595.0,0.15847,0.13995,38.3,42.48
2019-01-14,2580.0,0.16723,0.13778,40.38,33.4
2019-01-15,2610.0,0.15999,0.12312,33.17,30.42
2019-01-16,2615.0,0.1526,0.12375,33.45,26.2
2019-01-17,2635.0,0.13611,0.13291,29.3,29.5
2019-01-18,2670.0,0.13441,0.13013,27.09,26.4
2019-01-22,2635.0,0.16631,0.17916,25.2,31.05
2019-01-23,2640.0,0.17234,0.15582,23.6,38.04
2019-01-24,2640.0,0.17024,0.11076,21.45,31.52
2019-01-25,2665.0,0.1308,0.13693,17.26,20.7
2019-01-28,2645.0,0.16896,0.16742,17.6,24.3
2019-01-29,2640.0,0.16668,0.18148,15.95,17.95
2019-01-30,2680.0,0.13299,0.14473,11.0,11.53
2019-02-01,2705.0,0.13792,0.12113,35.9,38.7
2019-02-04,2725.0,0.12858,0.11367,30.0,37.77
2019-02-05,2735.0,0.13335,0.1052,33.48,34.05
2019-02-06,2730.0,0.12624,0.11025,33.8,33.0
2019-02-07,2705.0,0.1325,0.12162,30.2,33.9
2019-02-08,2710.0,0.12562,0.11527,26.4,36.58
2019-02-11,2710.0,0.13635,0.1176,29.2,31.7
2019-02-12,2745.0,0.12428,0.11277,27.8,28.22
2019-02-13,2750.0,0.12784,0.10709,29.25,23.8
2019-02-14,2745.0,0.13538,0.10779,32.55,24.5
2019-02-15,2775.0,0.10407,0.10404,21.96,23.0
2019-02-19,2780.0,0.11393,0.10014,21.11,18.15
2019-02-20,2785.0,0.09713,0.10506,17.15,18.55
2019-02-21,2775.0,0.10999,0.09757,16.4,22.0
2019-02-22,2790.0,0.09603,0.08265,14.0,14.8
2019-02-25,2795.0,0.10528,0.11019,13.65,12.2
2019-02-26,2795.0,0.11235,0.0774,10.5,9.4
2019-02-27,2790.0,0.07717,0.08454,7.5,5.8
2019-03-04,2795.0,0.12303,0.10494,30.4,35.6
2019-03-05,2790.0,0.11955,0.11201,35.9,30.4
2019-03-06,2770.0,0.13775,0.11929,38.5,35.8
2019-03-07,2750.0,0.14446,0.13642,38.3,41.5
2019-03-08,2745.0,0.13787,0.13151,34.5,38.4
2019-03-11,2785.0,0.11573,0.11222,27.33,30.1
2019-03-12,2790.0,0.11247,0.10864,29.97,26.9
2019-03-13,2810.0,0.10826,0.10783,26.93,24.62
2019-03-14,2810.0,0.11283,0.09572,24.45,23.25
2019-03-15,2820.0,0.1007,0.09981,23.7,22.1
2019-03-18,2835.0,0.10862,0.10549,21.38,22.4
2019-03-19,2835.0,0.12265,0.10386,19.1,25.8
2019-03-20,2825.0,0.12793,0.09269,21.1,19.88
2019-03-21,2855.0,0.11113,0.11143,20.2,20.1
2019-03-22,2800.0,0.16531,0.15321,27.0,25.15
2019-03-25,2800.0,0.15202,0.14834,19.5,19.3
2019-03-26,2820.0,0.13184,0.12384,14.65,15.65
2019-03-27,2805.0,0.13445,0.13714,13.5,13.99
2019-03-28,2815.0,0.10966,0.10521,9.0,8.39
2019-04-01,2865.0,0.11609,0.09794,37.05,33.68
2019-04-02,2865.0,0.11774,0.08861,36.75,31.0
2019-04-03,2875.0,0.1085,0.10316,33.8,28.9
2019-04-04,2880.0,0.11485,0.09976,37.95,32.13
2019-04-08,2895.0,0.10874,0.09325,29.7,28.3
2019-04-09,2880.0,0.11479,0.10579,31.3,31.8
2019-04-10,2890.0,0.10401,0.09707,28.05,34.4
2019-04-11,2890.0,0.10767,0.08752,25.49,28.0
2019-04-12,2905.0,0.09605,0.08868,26.0,23.5
2019-04-15,2905.0,0.09977,0.08783,22.98,21.45
2019-04-16,2905.0,0.09761,0.08909,23.24,19.07
2019-04-18,2905.0,0.08332,0.07592,17.9,17.4
2019-04-22,2910.0,0.08638,0.07755,15.05,14.85
2019-04-23,2935.0,0.08419,0.07848,12.8,13.65
2019-04-24,2925.0,0.09396,0.08179,17.13,11.95
2019-04-25,2925.0,0.09376,0.06537,14.1,10.85
2019-04-26,2940.0,0.06524,0.06994,8.45,10.6
2019-04-29,2945.0,0.08708,0.01984,5.05,5.8
2019-05-01,2925.0,0.12361,0.10113,38.12,35.48
2019-05-02,2920.0,0.27715,-0.0002,35.5,40.22
2019-05-03,2945.0,0.25721,0.0004,33.3,33.2
2019-05-06,2930.0,0.28447,0.0006,38.9,36.8
2019-05-07,2885.0,0.346,0.00069,47.55,54.5
2019-05-08,2880.0,0.34236,0.00038,53.68,43.25
2019-05-09,2870.0,0.17828,0.16597,49.35,50.0
2019-05-10,2880.0,0.14312,0.13863,45.15,41.88
2019-05-13,2810.0,0.21082,0.17249,48.5,50.6
2019-05-14,2835.0,0.1685,0.16333,44.03,40.9
2019-05-15,2850.0,0.14862,0.14551,37.73,34.55
2019-05-16,2875.0,0.13576,0.12804,32.19,30.8
2019-05-17,2860.0,0.28484,0.00016,34.1,31.9
2019-05-20,2840.0,0.15702,0.14746,32.75,30.7
2019-05-21,2865.0,0.13108,0.12124,25.88,25.1
2019-05-22,2855.0,0.132,0.11419,24.97,21.01
2019-05-23,2820.0,0.16931,0.13674,27.71,27.65
2019-05-28,2800.0,0.19669,0.16286,24.25,18.0
2019-05-29,2785.0,0.20231,0.1276,16.9,17.4
2019-05-30,2790.0,0.1285,0.13185,10.27,12.2
2019-06-03,2745.0,0.1777,0.16824,48.6,44.4
2019-06-04,2805.0,0.15602,0.14832,40.8,51.0
2019-06-05,2825.0,0.14699,0.13835,41.67,42.0
2019-06-06,2845.0,0.14275,0.13494,40.18,42.93
2019-06-10,2885.0,0.14318,0.13139,40.87,34.25
2019-06-11,2885.0,0.14486,0.13545,36.05,36.35
2019-06-12,2880.0,0.1365,0.13589,34.15,32.95
2019-06-13,2890.0,0.1327,0.14091,31.0,33.7
2019-06-14,2885.0,0.13814,0.1262,35.5,26.05
2019-06-17,2890.0,0.13129,0.13381,28.01,27.75
2019-06-18,2920.0,0.1323,0.12896,25.7,26.33
2019-06-19,2925.0,0.12695,0.11025,23.2,20.7
2019-06-20,2955.0,0.12791,0.10886,23.7,20.0
2019-06-21,2950.0,0.12702,0.09731,21.6,18.5
2019-06-24,2945.0,0.12255,0.11546,18.25,15.4
2019-06-25,2915.0,0.13599,0.11533,16.31,13.01
2019-06-26,2915.0,0.11968,0.10343,12.15,11.7
2019-06-27,2925.0,0.08846,0.07186,9.01,6.5
2019-07-01,2965.0,0.11855,0.10857,39.81,40.0
2019-07-02,2975.0,0.10365,0.10292,33.8,39.8
2019-07-03,2995.0,0.10725,0.09167,33.25,31.8
2019-07-05,2990.0,0.11161,0.09375,33.65,33.1
2019-07-08,2975.0,0.11959,0.10168,34.6,31.1
2019-07-09,2980.0,0.12278,0.10273,30.7,33.79
2019-07-10,2995.0,0.10535,0.09576,30.6,29.5
2019-07-11,3000.0,0.10197,0.0964,29.1,27.6
2019-07-12,3015.0,0.10326,0.08154,26.7,30.0
2019-07-15,3015.0,0.09853,0.09191,25.0,24.17
2019-07-16,3005.0,0.10401,0.09033,26.25,22.51
2019-07-17,2985.0,0.12123,0.09563,32.73,25.0
2019-07-18,2995.0,0.11285,0.10383,25.5,26.5
2019-07-19,2975.0,0.1314,0.10315,29.62,23.7
2019-07-22,2985.0,0.11411,0.10522,21.6,21.8
2019-07-23,3005.0,0.10287,0.10136,19.42,18.92
2019-07-24,3020.0,0.09949,0.09461,16.5,18.2
2019-07-25,3005.0,0.10136,0.10721,17.27,17.4
2019-07-26,3025.0,0.10922,0.07822,15.47,13.95
2019-07-29,3020.0,0.12098,0.10882,13.3,11.8
2019-07-30,3015.0,0.14721,0.12462,9.85,13.95
2019-08-01,2955.0,0.16518,0.14019,74.39,51.2
2019-08-02,2930.0,0.16329,0.15263,56.0,48.0
2019-08-05,2845.0,0.24602,0.17821,75.9,65.05
2019-08-06,2880.0,0.19484,0.16349,53.2,53.9
2019-08-07,2885.0,0.19541,0.15383,50.7,53.7
2019-08-08,2940.0,0.14063,0.14348,38.55,48.3
2019-08-09,2920.0,0.16214,0.14796,49.7,45.4
2019-08-12,2880.0,0.20727,0.17757,47.9,48.6
2019-08-13,2925.0,0.15609,0.15866,41.4,40.64
2019-08-14,2840.0,0.2252,0.20532,56.7,50.55
2019-08-15,2850.0,0.20993,0.19634,50.0,48.0
2019-08-16,2890.0,0.16815,0.16522,38.9,39.2
2019-08-19,2925.0,0.1513,0.13338,31.2,28.7
2019-08-20,2900.0,0.17074,0.14899,33.6,31.6
2019-08-21,2925.0,0.14121,0.14103,27.3,27.5
2019-08-22,2925.0,0.15132,0.14158,27.08,25.5
2019-08-23,2850.0,0.19062,0.23598,30.65,41.95
2019-08-26,2880.0,0.18366,0.20438,21.55,31.63
2019-08-27,2870.0,0.21205,0.16623,22.95,22.45
2019-08-28,2890.0,0.16613,0.1707,16.1,18.92
2019-08-29,2925.0,0.11421,0.11959,9.43,10.43
2019-09-03,2905.0,0.17231,0.16105,52.03,53.33
2019-09-04,2940.0,0.14544,0.13697,42.16,48.85
2019-09-06,2980.0,0.11766,0.10967,34.13,35.5
2019-09-09,2980.0,0.12047,0.105,32.3,34.4
2019-09-10,2980.0,0.11361,0.11058,25.25,40.35
2019-09-11,3000.0,0.10985,0.10768,29.0,32.6
2019-09-12,3010.0,0.10469,0.10079,33.03,25.05
2019-09-13,3005.0,0.10738,0.0934,28.45,24.45
2019-09-16,3000.0,0.11386,0.10494,25.4,27.63
2019-09-17,3005.0,0.11391,0.10247,26.05,29.5
2019-09-18,3005.0,0.10948,0.0987,23.63,39.0
2019-09-19,3005.0,0.10502,0.08939,21.35,19.53
2019-09-20,2990.0,0.12514,0.08638,25.5,19.5
2019-09-23,2990.0,0.10192,0.09748,20.66,16.05
2019-09-24,2970.0,0.1234,0.12675,17.5,23.48
2019-09-25,2985.0,0.10924,0.10055,16.89,15.25
2019-09-26,2980.0,0.09396,0.09694,11.85,14.2
2019-09-27,2960.0,0.09255,0.09663,12.5,11.45
2019-10-01,2940.0,0.17513,0.15227,60.65,52.11
2019-10-02,2890.0,0.2003,0.17196,64.6,64.78
2019-10-03,2910.0,0.17502,0.17496,57.22,76.9
2019-10-04,2950.0,0.15883,0.14176,49.9,47.23
2019-10-07,2940.0,0.17259,0.14393,52.0,44.5
2019-10-08,2895.0,0.19451,0.17973,82.8,49.75
2019-10-09,2920.0,0.17548,0.16719,51.1,47.18
2019-10-10,2940.0,0.16529,0.16117,47.4,43.1
2019-10-11,2970.0,0.14726,0.13718,51.35,32.7
2019-10-14,2965.0,0.13567,0.12624,51.8,31.85
2019-10-15,2995.0,0.11872,0.10828,32.3,26.7
2019-10-16,2990.0,0.11597,0.10981,30.3,27.01
2019-10-17,3000.0,0.11044,0.10758,26.7,25.6
2019-10-18,2985.0,0.12231,0.10663,30.6,24.5
2019-10-21,3005.0,0.10854,0.10437,23.23,21.42
2019-10-22,2995.0,0.11816,0.10345,27.65,16.5
2019-10-23,3005.0,0.10473,0.09962,18.93,23.6
2019-10-24,3010.0,0.11129,0.07339,17.4,16.66
2019-10-25,3020.0,0.09487,0.07491,15.58,13.3
2019-10-28,3040.0,0.11073,0.07957,11.93,12.23
2019-10-29,3035.0,0.10903,0.10096,12.45,9.5
2019-10-30,3045.0,0.08043,0.0806,7.01,6.3
2019-11-01,3065.0,0.10209,0.09296,31.9,35.73
2019-11-04,3080.0,0.10327,0.09231,30.01,33.29
2019-11-05,3075.0,0.10666,0.09279,31.13,33.56
2019-11-06,3075.0,0.09585,0.09438,28.95,31.45
2019-11-07,3085.0,0.09368,0.09513,28.13,31.27
2019-11-08,3095.0,0.09366,0.0804,23.8,35.1
2019-11-11,3085.0,0.09319,0.09275,26.12,26.45
2019-11-12,3090.0,0.09595,0.08993,26.1,25.5
2019-11-13,3095.0,0.0926,0.09271,23.26,25.45
2019-11-14,3095.0,0.09261,0.09096,24.09,23.35
2019-11-15,3120.0,0.08401,0.07615,19.18,22.34
2019-11-18,3120.0,0.08494,0.0808,18.55,18.73
2019-11-19,3120.0,0.08521,0.0687,16.65,16.95
2019-11-20,3110.0,0.0745,0.08134,14.0,16.24
2019-11-21,3105.0,0.0807,0.0764,14.19,18.04
2019-11-22,3110.0,0.05844,0.06335,11.5,11.74
2019-11-25,3135.0,0.06041,0.0535,6.92,9.65
2019-11-26,3140.0,0.05518,0.05087,7.2,6.6
2019-11-27,3155.0,0.03776,0.04119,3.72,5.35
2019-12-02,3115.0,0.12717,0.11491,45.0,41.58
2019-12-03,3095.0,0.14173,0.12646,43.47,51.8
2019-12-04,3115.0,0.13228,0.11772,44.8,42.8
2019-12-05,3120.0,0.12433,0.11839,40.2,41.6
2019-12-06,3145.0,0.11296,0.10395,37.61,35.46
2019-12-09,3135.0,0.12999,0.11326,44.2,35.65
2019-12-10,3135.0,0.12498,0.12019,38.5,35.7
2019-12-11,3140.0,0.12139,0.11038,37.5,33.65
2019-12-12,3170.0,0.10776,0.09442,28.11,38.2
2019-12-13,3170.0,0.08957,0.08072,25.2,25.0
2019-12-16,3190.0,0.08801,0.07593,24.0,19.58
2019-12-17,3190.0,0.08651,0.07373,23.65,17.91
2019-12-18,3190.0,0.08775,0.06994,22.9,15.9
2019-12-19,3205.0,0.07157,0.06038,17.0,15.5
2019-12-20,3220.0,0.07674,0.06148,18.8,13.5
2019-12-23,3225.0,0.06623,0.06397,13.0,13.42
2019-12-24,3225.0,0.06778,0.05744,12.0,11.95
2019-12-26,3240.0,0.05426,0.05812,8.75,13.9
2019-12-27,3240.0,0.08623,0.05007,11.05,11.0
2019-12-30,3220.0,0.0786,0.10583,7.42,9.72
2020-01-02,3260.0,0.09806,0.09482,33.99,45.16
2020-01-03,3235.0,0.125,0.10536,43.61,40.1
2020-01-06,3245.0,0.11837,0.10228,38.59,37.16
2020-01-07,3235.0,0.11864,0.104,40.81,33.16
2020-01-08,3255.0,0.1103,0.10626,41.47,28.39
2020-01-09,3275.0,0.09804,0.09208,31.3,31.97
2020-01-10,3265.0,0.10479,0.09045,31.8,31.66
2020-01-13,3290.0,0.09105,0.08838,26.0,28.65
2020-01-14,3285.0,0.09403,0.08749,26.1,25.37
2020-01-15,3290.0,0.08866,0.08481,23.46,24.59
2020-01-16,3315.0,0.08431,0.07734,23.66,21.45
2020-01-17,3330.0,0.09002,0.06523,20.7,21.75
2020-01-21,3320.0,0.09851,0.08701,22.04,20.94
2020-01-22,3320.0,0.09898,0.08187,22.52,17.7
2020-01-23,3325.0,0.09085,0.0854,18.46,18.3
2020-01-24,3295.0,0.1269,0.1175,25.0,23.58
2020-01-27,3245.0,0.19777,0.1596,27.02,27.28
2020-01-28,3275.0,0.15522,0.14553,22.05,19.05
2020-01-29,3275.0,0.13721,0.12608,14.99,16.15
2020-01-30,3285.0,0.10333,0.0925,9.17,9.57
2020-02-03,3250.0,0.15742,0.14199,52.8,53.13
2020-02-04,3300.0,0.12509,0.13029,41.6,46.25
2020-02-05,3335.0,0.11613,0.11397,36.14,40.3
2020-02-06,3345.0,0.11172,0.10516,36.18,36.69
2020-02-07,3330.0,0.12389,0.1108,36.8,39.7
2020-02-10,3350.0,0.11212,0.11312,34.2,34.6
2020-02-11,3360.0,0.10987,0.10921,32.26,32.6
2020-02-12,3380.0,0.0969,0.09551,27.39,28.8
2020-02-13,3375.0,0.09953,0.10422,28.92,29.26
2020-02-14,3380.0,0.09436,0.09458,25.15,26.45
2020-02-18,3370.0,0.1054,0.10021,22.99,25.15
2020-02-19,3385.0,0.09904,0.09061,23.2,19.94
2020-02-20,3375.0,0.11959,0.0909,21.77,22.83
2020-02-21,3340.0,0.13072,0.13162,24.4,28.0
2020-02-24,3225.0,0.27983,0.26806,43.23,39.52
2020-02-25,3130.0,0.3449,0.32617,43.8,44.63
2020-02-26,3115.0,0.33213,0.25309,35.1,31.19
2020-02-27,2975.0,0.60125,0.19136,69.32,30.11
2020-03-02,3090.0,0.29113,0.22696,46.86,263.24
2020-03-03,3005.0,0.33567,0.32103,88.8,116.7
2020-03-04,3130.0,0.27264,0.22981,67.5,281.04
2020-03-05,3025.0,0.35518,0.32121,107.54,112.0
2020-03-06,2970.0,0.37994,0.34222,119.52,158.0
2020-03-09,2745.0,0.52093,0.50775,177.2,130.82
2020-03-10,2880.0,0.44877,0.40944,97.9,197.19
2020-03-12,2480.0,0.76616,0.75374,187.12,151.3
2020-03-13,2710.0,0.51118,0.55787,97.4,223.0
2020-03-17,2530.0,0.79901,0.67934,146.7,160.7
2020-03-18,2405.0,0.66774,0.86855,137.41,167.07
2020-03-19,2410.0,0.78413,0.7293,156.1,132.14
2020-03-24,2445.0,0.66319,0.67431,70.8,144.2
2020-03-25,2475.0,0.68558,0.74712,131.94,90.0
2020-03-26,2630.0,0.58114,0.57296,78.3,79.1
2020-03-27,2540.0,0.55976,0.52334,64.24,66.0
2020-03-30,2625.0,0.44912,0.43689,36.69,31.29
2020-04-01,2470.0,0.52711,0.49519,213.49,151.55
2020-04-02,2525.0,0.44544,0.45263,126.27,147.22
2020-04-03,2490.0,0.40971,0.42582,122.2,120.31
2020-04-06,2660.0,0.39403,0.36173,33.3,232.27
2020-04-07,2660.0,0.42741,0.38483,100.1,108.2
2020-04-08,2750.0,0.37937,0.36693,104.51,107.4
2020-04-09,2790.0,0.36777,0.36997,98.66,134.65
2020-04-13,2760.0,0.36912,0.37905,90.81,89.5
2020-04-14,2845.0,0.33331,0.34036,82.0,81.23
2020-04-15,2785.0,0.36021,0.36586,82.83,84.27
2020-04-16,2800.0,0.35807,0.34027,79.78,82.8
2020-04-17,2875.0,0.30379,0.32659,55.8,75.68
2020-04-20,2825.0,0.39292,0.34354,72.3,72.28
2020-04-21,2735.0,0.41002,0.40145,80.72,72.47
2020-04-22,2800.0,0.34606,0.33747,64.52,57.48
2020-04-23,2800.0,0.35007,0.29721,56.4,54.6
2020-04-24,2835.0,0.24277,0.26929,40.0,40.3
2020-04-27,2880.0,0.25172,0.22769,29.72,28.71
2020-04-28,2865.0,0.25859,0.27441,25.9,27.35
2020-04-29,2940.0,0.1999,0.20133,17.7,16.93
2020-05-01,2830.0,0.315,0.3165,97.41,104.03
2020-05-04,2845.0,0.30673,0.28635,79.74,110.54
2020-05-05,2870.0,0.28031,0.27321,92.38,87.0
2020-05-06,2850.0,0.29428,0.27035,80.9,84.7
2020-05-07,2880.0,0.24989,0.27285,72.48,78.38
2020-05-08,2930.0,0.20766,0.22651,58.68,66.4
2020-05-11,2930.0,0.21493,0.21316,53.28,55.37
2020-05-12,2870.0,0.29207,0.23318,77.57,64.1
2020-05-13,2820.0,0.30272,0.29195,69.88,74.0
2020-05-14,2855.0,0.26745,0.26954,36.95,79.72
2020-05-15,2865.0,0.27659,0.2297,56.75,67.85
2020-05-18,2955.0,0.22771,0.21726,51.83,49.68
2020-05-19,2920.0,0.24473,0.23949,62.6,46.0
2020-05-20,2970.0,0.20607,0.21886,42.02,42.71
2020-05-21,2950.0,0.23479,0.19079,38.21,41.35
2020-05-22,2955.0,0.18814,0.1931,31.58,33.1
2020-05-26,2990.0,0.18943,0.21543,26.32,25.1
2020-05-27,3035.0,0.19038,0.20309,21.57,22.07
2020-05-28,3030.0,0.19027,0.18622,16.9,16.95
2020-06-01,3055.0,0.22339,0.2308,78.0,80.71
2020-06-02,3080.0,0.20824,0.2119,62.25,87.6
2020-06-03,3125.0,0.20251,0.19916,67.6,70.98
2020-06-04,3110.0,0.20251,0.20638,65.35,71.5
2020-06-05,3195.0,0.19692,0.18409,65.15,66.8
2020-06-08,3235.0,0.20768,0.20055,61.8,75.0
2020-06-09,3205.0,0.2259,0.21862,63.35,67.45
2020-06-10,3190.0,0.23229,0.21368,68.05,70.2
2020-06-11,3005.0,0.34728,0.34974,101.7,97.9
2020-06-12,3040.0,0.31362,0.2896,77.8,113.55
2020-06-15,3070.0,0.28138,0.29755,75.91,81.3
2020-06-16,3125.0,0.28269,0.30209,68.92,77.5
2020-06-17,3115.0,0.28178,0.27824,67.98,72.63
2020-06-19,3095.0,0.32941,0.19829,64.4,65.5
2020-06-22,3120.0,0.2448,0.25004,46.1,50.78
2020-06-23,3130.0,0.24875,0.23269,48.41,45.1
2020-06-24,3050.0,0.26567,0.28628,51.23,46.0
2020-06-25,3085.0,0.23187,0.21207,33.8,41.22
2020-06-26,3010.0,0.24482,0.23296,34.08,34.47
2020-06-29,3055.0,0.17116,0.17937,13.6,19.4
2020-07-01,3115.0,0.23109,0.22488,85.85,83.7
2020-07-02,3130.0,0.21795,0.22283,87.23,82.0
2020-07-06,3180.0,0.21365,0.22111,71.95,77.02
2020-07-07,3145.0,0.23488,0.24289,91.8,76.0
2020-07-08,3170.0,0.2157,0.2276,68.97,74.09
2020-07-09,3150.0,0.23654,0.23508,75.0,74.0
2020-07-10,3185.0,0.21633,0.2172,46.51,74.16
2020-07-13,3155.0,0.25645,0.25842,110.65,75.37
2020-07-14,3200.0,0.24545,0.22076,64.05,68.45
2020-07-15,3225.0,0.21825,0.22604,61.42,59.7
2020-07-16,3215.0,0.23555,0.19584,57.13,58.69
2020-07-17,3225.0,0.20162,0.18745,52.2,51.4
2020-07-20,3250.0,0.18665,0.184,45.1,41.44
2020-07-21,3260.0,0.1917,0.20067,38.5,43.8
2020-07-22,3275.0,0.18415,0.17339,38.92,38.5
2020-07-23,3235.0,0.20752,0.20077,40.08,43.03
2020-07-24,3215.0,0.19809,0.17348,34.73,35.4
2020-07-27,3240.0,0.17625,0.18641,26.9,28.7
2020-07-28,3220.0,0.19052,0.21076,26.04,28.15
2020-07-29,3260.0,0.15209,0.17552,17.6,22.61
2020-07-30,3245.0,0.16235,0.17483,16.91,15.59
2020-08-03,3295.0,0.1866,0.1879,68.07,70.75
2020-08-04,3305.0,0.17781,0.18262,60.76,73.9
2020-08-05,3330.0,0.17707,0.16074,56.93,67.35
2020-08-06,3350.0,0.15466,0.16792,54.65,61.0
2020-08-07,3350.0,0.15706,0.16188,46.6,60.52
2020-08-10,3360.0,0.16188,0.1542,49.2,55.4
2020-08-11,3335.0,0.17452,0.18976,56.9,61.7
2020-08-12,3380.0,0.16352,0.14881,48.16,49.4
2020-08-13,3375.0,0.15531,0.1529,44.88,49.4
2020-08-14,3375.0,0.15766,0.13899,39.12,49.51
2020-08-17,3380.0,0.13671,0.1459,38.4,37.16
2020-08-18,3390.0,0.1338,0.13993,33.9,36.42
2020-08-19,3375.0,0.14325,0.14451,36.1,36.8
2020-08-20,3385.0,0.13926,0.1275,33.0,32.1
2020-08-21,3395.0,0.13005,0.11966,30.8,28.78
2020-08-24,3430.0,0.11456,0.12333,21.87,26.1
2020-08-25,3445.0,0.1098,0.11675,19.75,23.65
2020-08-26,3480.0,0.13203,0.14277,23.6,24.99
2020-08-27,3485.0,0.13306,0.12282,20.3,20.01
2020-08-28,3510.0,0.07922,0.06446,10.1,12.1
2020-09-01,3525.0,0.17915,0.19363,70.5,78.68
2020-09-02,3580.0,0.1957,0.18936,67.18,79.56
2020-09-03,3455.0,0.24648,0.24956,94.5,89.43
2020-09-04,3425.0,0.24729,0.21605,89.57,83.09
2020-09-08,3330.0,0.25358,0.26351,106.7,83.5
2020-09-09,3400.0,0.22723,0.23739,81.0,74.4
2020-09-10,3340.0,0.25061,0.23899,100.0,64.1
2020-09-11,3340.0,0.23127,0.21278,100.0,70.7
2020-09-14,3385.0,0.21584,0.20026,60.67,60.1
2020-09-15,3400.0,0.20351,0.20521,55.23,57.78
2020-09-16,3385.0,0.20592,0.20121,74.0,55.3
2020-09-17,3355.0,0.20109,0.21837,57.0,66.61
2020-09-18,3320.0,0.20412,0.19858,51.89,51.3
2020-09-21,3280.0,0.22698,0.24069,46.25,66.56
2020-09-22,3315.0,0.22264,0.1952,43.65,42.45
2020-09-23,3235.0,0.22237,0.23951,44.1,44.2
2020-09-24,3245.0,0.20894,0.21757,38.1,42.5
2020-09-25,3300.0,0.18206,0.17595,29.7,30.2
2020-09-28,3355.0,0.1749,0.20721,20.1,24.5
2020-09-29,3335.0,0.20901,0.18316,20.72,18.18
2020-10-01,3380.0,0.23041,0.22306,80.14,93.5
2020-10-02,3350.0,0.2311,0.22905,90.9,82.5
2020-10-05,3410.0,0.22418,0.21033,76.4,81.3
2020-10-06,3360.0,0.23468,0.22935,81.11,79.63
2020-10-07,3420.0,0.21748,0.20159,74.4,73.33
2020-10-08,3445.0,0.19283,0.19375,66.45,70.09
2020-10-09,3475.0,0.1753,0.177,57.5,60.2
2020-10-12,3535.0,0.17743,0.17924,56.03,56.69
2020-10-13,3510.0,0.19159,0.18664,60.27,58.32
2020-10-14,3490.0,0.19965,0.19301,61.62,56.23
2020-10-15,3485.0,0.19331,0.19374,55.18,58.7
2020-10-16,3485.0,0.22107,0.16225,55.3,53.2
2020-10-19,3430.0,0.21554,0.21321,52.95,57.43
2020-10-20,3445.0,0.22957,0.19793,53.51,49.84
2020-10-21,3435.0,0.21088,0.20349,60.6,46.0
2020-10-22,3455.0,0.19246,0.19888,42.76,43.34
2020-10-23,3465.0,0.18721,0.16382,36.0,37.3
2020-10-26,3400.0,0.23861,0.25095,37.41,39.27
2020-10-27,3390.0,0.23377,0.19529,31.7,28.27
2020-10-28,3270.0,0.32316,0.30391,39.5,34.3
2020-10-29,3310.0,0.36295,0.08968,28.78,18.4
2020-11-02,3310.0,0.30857,0.30636,110.41,120.15
2020-11-03,3370.0,0.30259,0.26283,103.7,102.1
2020-11-04,3445.0,0.2355,0.24269,89.23,80.7
2020-11-05,3510.0,0.21582,0.22583,81.1,179.98
2020-11-06,3510.0,0.1944,0.20019,75.0,79.3
2020-11-09,3550.0,0.20061,0.20207,72.99,60.1
2020-11-10,3545.0,0.18742,0.20239,53.5,61.5
2020-11-11,3575.0,0.16753,0.17817,51.53,62.35
2020-11-12,3535.0,0.18501,0.19796,56.2,71.53
2020-11-13,3585.0,0.17213,0.16456,43.6,52.7
2020-11-16,3630.0,0.15079,0.16124,39.2,51.6
2020-11-17,3610.0,0.15575,0.15773,41.2,47.38
2020-11-18,3565.0,0.18013,0.15775,48.4,36.7
2020-11-19,3580.0,0.16623,0.14193,39.6,39.0
2020-11-20,3555.0,0.18213,0.12872,42.2,37.2
2020-11-23,3580.0,0.13053,0.14063,26.8,31.0
2020-11-24,3635.0,0.11425,0.12265,24.13,23.2
2020-11-25,3630.0,0.09639,0.09446,17.0,17.76
2020-12-01,3660.0,0.17226,0.16461,71.58,70.45
2020-12-02,3670.0,0.16435,0.1682,67.66,71.7
2020-12-03,3665.0,0.16644,0.17298,75.85,70.65
2020-12-04,3700.0,0.16712,0.14918,63.4,67.73
2020-12-07,3690.0,0.15937,0.15459,57.3,60.9
2020-12-08,3700.0,0.15186,0.14916,57.76,56.6
2020-12-09,3670.0,0.17634,0.14923,62.71,64.37
2020-12-10,3670.0,0.17203,0.15382,58.4,56.02
2020-12-11,3665.0,0.1653,0.16872,56.2,60.23
2020-12-14,3645.0,0.19472,0.16858,62.0,52.9
2020-12-15,3695.0,0.15367,0.15747,47.8,59.4
2020-12-16,3700.0,0.15176,0.14467,50.63,43.8
2020-12-17,3720.0,0.14203,0.14243,42.15,42.3
2020-12-18,3710.0,0.1517,0.12991,44.52,38.0
2020-12-21,3695.0,0.16457,0.17606,42.58,45.02
2020-12-22,3685.0,0.16108,0.15188,38.9,37.03
2020-12-23,3690.0,0.15357,0.10975,37.3,24.08
2020-12-28,3735.0,0.12078,0.11254,18.4,17.15
2020-12-29,3730.0,0.12083,0.11998,14.38,18.17
2020-12-30,3730.0,0.11691,0.08033,13.77,8.53
2021-01-04,3700.0,0.20579,0.20902,81.4,83.1
2021-01-05,3725.0,0.19431,0.19082,74.7,70.97
2021-01-06,3750.0,0.19526,0.19473,75.43,76.78
2021-01-07,3805.0,0.16796,0.16675,64.56,60.8
2021-01-08,3825.0,0.16051,0.16039,59.1,60.9
2021-01-11,3800.0,0.18561,0.19004,63.0,63.93
2021-01-12,3800.0,0.18054,0.16889,61.2,55.45
2021-01-13,3810.0,0.16421,0.16171,54.31,51.4
2021-01-14,3795.0,0.17889,0.16885,54.8,48.98
2021-01-15,3770.0,0.19266,0.15941,52.2,54.91
2021-01-19,3800.0,0.17328,0.16467,43.5,43.45
2021-01-20,3850.0,0.14941,0.14045,38.93,34.59
2021-01-21,3855.0,0.13562,0.13089,31.18,29.5
2021-01-22,3840.0,0.14707,0.11698,33.88,25.94
2021-01-25,3855.0,0.15232,0.15098,25.98,26.5
2021-01-26,3850.0,0.15139,0.16072,23.12,24.27
2021-01-27,3755.0,0.40829,0.17977,40.3,39.32
2021-01-28,3785.0,0.23446,0.18621,25.74,17.7
2021-02-01,3775.0,0.23662,0.20372,88.58,88.1
2021-02-02,3825.0,0.18637,0.19738,79.75,82.96
2021-02-03,3830.0,0.17312,0.17531,67.96,67.18
2021-02-04,3870.0,0.1471,0.15999,53.65,61.93
2021-02-05,3885.0,0.14138,0.1546,54.5,59.25
2021-02-08,3915.0,0.13816,0.15346,47.3,61.3
2021-02-09,3910.0,0.14441,0.15555,51.2,53.85
2021-02-10,3910.0,0.14878,0.1665,48.74,57.1
2021-02-11,3915.0,0.14968,0.14618,45.73,52.67
2021-02-12,3935.0,0.12821,0.13355,40.33,46.5
2021-02-16,3930.0,0.15377,0.14157,39.85,39.23
2021-02-17,3930.0,0.14354,0.13765,36.63,35.41
2021-02-18,3915.0,0.14796,0.14699,37.07,36.5
2021-02-19,3905.0,0.14203,0.12706,35.1,31.4
2021-02-22,3875.0,0.16963,0.1708,32.21,27.59
2021-02-23,3880.0,0.18987,0.15432,31.71,25.38
2021-02-24,3925.0,0.13799,0.1335,18.81,17.09
2021-02-25,3830.0,0.27461,0.24525,27.8,26.8
2021-03-01,3900.0,0.16823,0.1774,75.4,77.6
2021-03-02,3870.0,0.18521,0.18338,82.4,75.12
2021-03-03,3820.0,0.2185,0.19837,96.27,71.75
2021-03-04,3770.0,0.22166,0.24091,137.87,93.83
2021-03-05,3840.0,0.19142,0.19338,79.92,84.67
2021-03-08,3820.0,0.20671,0.21777,95.2,101.01
2021-03-09,3875.0,0.19463,0.18307,78.74,64.57
2021-03-10,3900.0,0.16864,0.17728,65.98,66.78
2021-03-11,3940.0,0.16208,0.16043,67.51,61.7
2021-03-12,3945.0,0.14643,0.15416,48.95,61.5
2021-03-15,3970.0,0.14454,0.13725,37.28,57.53
2021-03-16,3965.0,0.14092,0.14384,46.55,46.02
2021-03-17,3975.0,0.13128,0.13836,43.66,47.3
2021-03-18,3915.0,0.16041,0.15922,54.9,47.9
2021-03-19,3910.0,0.15218,0.13263,41.8,35.78
2021-03-22,3940.0,0.12663,0.12803,32.76,33.21
2021-03-23,3910.0,0.14714,0.14654,34.9,40.73
2021-03-24,3890.0,0.14761,0.1524,34.33,32.47
2021-03-25,3910.0,0.13024,0.12624,30.4,25.9
2021-03-26,3975.0,0.11671,0.11686,17.1,27.5
2021-03-29,3970.0,0.12595,0.16586,17.95,22.05
2021-03-30,3960.0,0.11369,0.15293,9.2,16.97
2021-04-01,4020.0,0.1291,0.13399,57.08,64.5
2021-04-05,4080.0,0.13546,0.13336,56.65,64.45
2021-04-06,4075.0,0.13762,0.13654,55.6,57.22
2021-04-07,4080.0,0.12689,0.13178,49.65,55.9
2021-04-08,4095.0,0.12755,0.12891,52.28,52.4
2021-04-09,4130.0,0.13205,0.11515,47.85,65.94
2021-04-12,4130.0,0.12458,0.12855,45.03,47.3
2021-04-13,4140.0,0.12361,0.12921,46.34,45.48
2021-04-14,4125.0,0.12781,0.13534,45.81,47.32
2021-04-15,4170.0,0.12247,0.11875,41.23,40.86
2021-04-16,4185.0,0.11982,0.10931,37.88,38.28
2021-04-19,4165.0,0.12705,0.13422,37.21,42.45
2021-04-20,4135.0,0.15024,0.13745,39.19,39.75
2021-04-21,4175.0,0.13288,0.11038,31.46,34.82
2021-04-22,4135.0,0.14455,0.14177,37.39,36.5
2021-04-23,4180.0,0.11748,0.09553,25.7,26.2
2021-04-26,4190.0,0.11945,0.11448,20.98,25.1
2021-04-27,4185.0,0.11356,0.11957,22.17,17.5
2021-04-28,4185.0,0.10218,0.11046,14.25,16.26
2021-04-29,4210.0,0.10185,0.07114,10.64,9.95
2021-05-03,4195.0,0.142,0.13491,57.14,62.95
2021-05-04,4165.0,0.15189,0.1509,56.5,76.5
2021-05-05,4170.0,0.14512,0.14868,59.51,64.33
2021-05-06,4200.0,0.13644,0.13633,47.1,59.84
2021-05-07,4230.0,0.12075,0.12437,50.9,50.72
2021-05-10,4190.0,0.14869,0.14542,60.6,41.7
2021-05-11,4150.0,0.18294,0.1631,61.0,70.15
2021-05-12,4065.0,0.23587,0.22593,80.1,74.9
2021-05-13,4110.0,0.19646,0.18678,65.55,62.18
2021-05-14,4175.0,0.14067,0.13888,48.06,45.01
2021-05-17,4165.0,0.14501,0.1602,42.42,52.4
2021-05-18,4130.0,0.16536,0.16343,55.8,46.72
2021-05-19,4115.0,0.17485,0.16056,40.22,63.66
2021-05-20,4160.0,0.1463,0.14222,36.74,39.2
2021-05-21,4155.0,0.13412,0.1465,34.0,33.77
2021-05-24,4195.0,0.11059,0.11415,24.6,20.57
2021-05-25,4190.0,0.11717,0.12119,18.83,21.85
2021-05-26,4195.0,0.10211,0.10042,15.1,14.9
2021-05-27,4200.0,0.09557,0.0726,13.3,7.13
2021-06-01,4200.0,0.13011,0.13341,63.3,63.88
2021-06-02,4210.0,0.12512,0.12261,55.31,64.03
2021-06-03,4195.0,0.13269,0.12878,58.55,58.1
2021-06-04,4230.0,0.11828,0.11435,50.47,53.1
2021-06-07,4225.0,0.11473,0.1149,49.67,51.4
2021-06-08,4225.0,0.11932,0.11914,51.3,48.12
2021-06-09,4220.0,0.12524,0.12801,55.6,51.3
2021-06-10,4240.0,0.10649,0.10513,40.88,43.6
2021-06-11,4245.0,0.10062,0.09807,35.58,42.6
2021-06-14,4255.0,0.10441,0.10703,36.07,69.3
2021-06-15,4245.0,0.11037,0.11679,39.1,37.54
2021-06-16,4225.0,0.12555,0.11976,39.08,41.9
2021-06-17,4220.0,0.11356,0.11311,40.9,35.49
2021-06-18,4165.0,0.15849,0.14682,49.6,43.0
2021-06-21,4225.0,0.1076,0.11017,28.75,31.75
2021-06-22,4245.0,0.09341,0.09289,24.7,22.7
2021-06-23,4240.0,0.08882,0.09196,22.67,21.7
2021-06-24,4265.0,0.07707,0.07954,18.8,18.5
2021-06-25,4280.0,0.07141,0.0693,16.15,14.11
2021-06-28,4290.0,0.07588,0.07435,11.1,10.9
2021-06-29,4290.0,0.05758,0.06338,7.78,6.44
2021-07-01,4320.0,0.10875,0.1028,49.3,54.57
2021-07-02,4350.0,0.10538,0.10074,50.2,49.81
2021-07-06,4345.0,0.11407,0.10511,45.76,50.57
2021-07-07,4360.0,0.10933,0.11185,47.3,51.9
2021-07-08,4320.0,0.13577,0.13005,55.68,61.15
2021-07-09,4370.0,0.10786,0.10531,45.24,47.3
2021-07-12,4385.0,0.10749,0.10719,42.65,43.35
2021-07-13,4370.0,0.1191,0.11988,46.85,47.1
2021-07-14,4375.0,0.10951,0.11336,41.23,42.69
2021-07-15,4360.0,0.12217,0.11158,41.41,42.89
2021-07-16,4325.0,0.1412,0.12957,46.7,46.4
2021-07-19,4260.0,0.17555,0.17823,48.15,64.9
2021-07-20,4325.0,0.14159,0.14267,42.44,41.0
2021-07-21,4360.0,0.11107,0.11566,31.14,33.62
2021-07-22,4370.0,0.10126,0.10522,26.59,29.78
2021-07-23,4410.0,0.09756,0.09215,24.3,23.82
2021-07-26,4420.0,0.10088,0.10543,21.25,19.9
2021-07-27,4400.0,0.14976,0.10305,23.62,21.81
2021-07-28,4400.0,0.11021,0.10115,16.77,15.1
2021-07-29,4420.0,0.10646,0.04167,9.54,10.71
2021-08-03,4425.0,0.12462,0.11432,54.4,64.2
2021-08-04,4400.0,0.12402,0.1242,60.19,59.63
2021-08-05,4430.0,0.11766,0.11382,48.1,60.2
2021-08-06,4435.0,0.10693,0.10943,48.21,52.73
2021-08-10,4435.0,0.11069,0.10514,46.1,46.93
2021-08-11,4450.0,0.10018,0.09952,37.9,45.37
2021-08-12,4460.0,0.0959,0.09312,36.62,39.01
2021-08-13,4470.0,0.08477,0.08303,28.99,37.53
2021-08-16,4480.0,0.08942,0.08795,30.22,36.6
2021-08-17,4450.0,0.11665,0.10169,34.67,40.97
2021-08-18,4400.0,0.1502,0.15295,49.58,47.22
2021-08-19,4405.0,0.14751,0.14769,50.4,43.02
2021-08-20,4440.0,0.10809,0.096,32.0,30.7
2021-08-23,4480.0,0.08162,0.08599,21.53,21.5
2021-08-24,4485.0,0.08056,0.07883,19.2,19.95
2021-08-25,4495.0,0.07098,0.07054,18.0,14.85
2021-08-26,4470.0,0.10186,0.09752,20.16,20.16
2021-08-27,4510.0,0.05034,0.04171,8.08,8.5
2021-09-01,4525.0,0.10541,0.11318,55.35,59.5
2021-09-02,4535.0,0.10691,0.10881,51.75,54.1
2021-09-03,4535.0,0.10561,0.10436,52.95,52.13
2021-09-08,4515.0,0.11634,0.1149,48.65,55.3
2021-09-10,4460.0,0.14803,0.15059,65.5,65.88
2021-09-13,4470.0,0.13621,0.13889,52.83,56.0
2021-09-14,4445.0,0.14345,0.14478,63.7,58.97
2021-09-16,4475.0,0.12236,0.12161,42.9,43.8
2021-09-17,4435.0,0.15521,0.13213,50.13,49.2
2021-09-20,4360.0,0.21976,0.19175,60.1,90.35
2021-09-21,4355.0,0.21016,0.17738,59.0,47.3
2021-09-22,4395.0,0.1505,0.15451,46.8,41.3
2021-09-23,4450.0,0.12011,0.11741,31.9,31.98
2021-09-24,4455.0,0.10337,0.10113,27.3,30.97
2021-09-27,4445.0,0.10352,0.10327,17.28,19.4
2021-09-28,4355.0,0.20984,0.20385,30.38,30.8
2021-09-29,4360.0,0.16007,0.16622,19.1,20.0
2021-10-01,4355.0,0.17101,0.17621,87.38,84.0
2021-10-04,4300.0,0.19267,0.19808,89.1,96.48
2021-10-05,4345.0,0.1763,0.17851,86.7,71.9
2021-10-06,4365.0,0.17245,0.17208,52.23,85.8
2021-10-07,4400.0,0.15289,0.15203,67.15,65.7
2021-10-08,4390.0,0.15167,0.14801,65.5,64.0
2021-10-11,4360.0,0.16986,0.16105,69.89,63.23
2021-10-12,4350.0,0.17138,0.14676,59.37,66.25
2021-10-13,4365.0,0.14902,0.14685,55.0,55.55
2021-10-14,4440.0,0.11636,0.11961,40.23,45.5
2021-10-15,4470.0,0.10702,0.10849,39.19,38.33
2021-10-18,4485.0,0.11112,0.10655,33.98,35.0
2021-10-19,4520.0,0.09681,0.10198,27.8,34.05
2021-10-20,4535.0,0.10068,0.0942,29.04,31.87
2021-10-21,4550.0,0.09406,0.08124,24.0,24.83
2021-10-22,4545.0,0.0897,0.08334,23.05,22.1
2021-10-25,4570.0,0.08341,0.09266,15.65,21.15
2021-10-26,4575.0,0.10271,0.09883,18.4,18.63
2021-10-27,4550.0,0.11069,0.10302,19.49,15.6
2021-10-28,4595.0,0.10723,0.04943,10.95,9.9
2021-11-01,4615.0,0.11978,0.11491,60.37,70.98
2021-11-02,4630.0,0.11707,0.11329,57.78,67.78
2021-11-03,4660.0,0.10846,0.10676,52.0,57.95
2021-11-04,4680.0,0.10527,0.10619,46.6,56.0
2021-11-05,4695.0,0.11691,0.10429,54.35,55.55
2021-11-08,4700.0,0.11192,0.10912,50.23,52.11
2021-11-09,4685.0,0.12041,0.11561,51.99,53.4
2021-11-10,4645.0,0.12878,0.12776,71.22,48.57
2021-11-11,4650.0,0.11717,0.12088,49.0,52.25
2021-11-12,4685.0,0.10007,0.1035,39.7,45.6
2021-11-15,4685.0,0.09747,0.10261,36.23,42.76
2021-11-16,4700.0,0.09594,0.09972,39.75,37.2
2021-11-17,4690.0,0.09548,0.0951,36.45,35.0
2021-11-18,4705.0,0.09634,0.09009,30.94,33.7
2021-11-19,4700.0,0.09152,0.09263,29.52,34.2
2021-11-22,4685.0,0.10851,0.1116,62.93,31.6
2021-11-23,4690.0,0.10338,0.10039,24.95,30.1
2021-11-24,4700.0,0.08733,0.08739,23.0,21.52
2021-11-26,4595.0,0.20251,0.19889,38.07,47.4
2021-11-29,4655.0,0.11167,0.11347,15.35,14.1
2021-12-01,4510.0,0.24213,0.24397,128.55,58.67
2021-12-02,4575.0,0.21666,0.20584,116.37,110.99
2021-12-03,4540.0,0.23386,0.22139,106.9,123.7
2021-12-06,4590.0,0.20237,0.20003,106.75,97.8
2021-12-07,4685.0,0.15936,0.15993,73.14,82.0
2021-12-08,4700.0,0.14613,0.14243,69.92,69.82
2021-12-09,4665.0,0.16056,0.15692,77.9,68.87
2021-12-10,4710.0,0.13226,0.13123,61.11,59.62
2021-12-13,4670.0,0.15089,0.15418,67.89,64.0
2021-12-14,4635.0,0.17347,0.16901,70.5,65.75
2021-12-15,4710.0,0.13883,0.13283,51.38,66.95
2021-12-16,4670.0,0.15927,0.15484,71.6,58.05
2021-12-17,4620.0,0.17194,0.17292,66.78,60.83
2021-12-20,4570.0,0.19814,0.19662,57.6,69.08
2021-12-21,4650.0,0.16338,0.1571,50.3,60.0
2021-12-22,4695.0,0.12368,0.12698,36.85,43.6
2021-12-23,4725.0,0.10746,0.10893,33.84,30.02
2021-12-27,4790.0,0.10689,0.10072,23.65,21.63
2021-12-28,4785.0,0.10854,0.10447,21.27,19.88
2021-12-29,4795.0,0.09144,0.08048,14.02,14.66
2021-12-30,4780.0,0.09804,0.07768,12.0,10.05
2022-01-03,4795.0,0.1184,0.11592,61.23,74.8
2022-01-04,4795.0,0.12202,0.11269,60.5,62.7
2022-01-05,4700.0,0.14934,0.15023,80.63,66.1
2022-01-06,4695.0,0.14963,0.15273,122.7,63.7
2022-01-07,4675.0,0.1448,0.14623,76.0,73.97
2022-01-10,4670.0,0.1521,0.14621,65.77,76.6
2022-01-11,4715.0,0.13912,0.14109,58.9,70.4
2022-01-12,4725.0,0.13186,0.1383,56.26,61.57
2022-01-13,4660.0,0.15726,0.17196,76.86,61.8
2022-01-14,4660.0,0.15275,0.15576,61.65,61.95
2022-01-17,4665.0,0.17319,0.16337,61.81,79.7
2022-01-18,4580.0,0.19499,0.20029,72.43,73.01
2022-01-19,4535.0,0.20708,0.19529,87.2,67.8
2022-01-20,4480.0,0.25617,0.1648,70.8,67.0
2022-01-21,4400.0,0.26294,0.24886,81.5,79.01
2022-01-24,4410.0,0.29305,0.28938,73.24,169.66
2022-01-25,4360.0,0.3252,0.2833,72.28,72.38
2022-01-26,4345.0,0.35411,0.22944,64.85,67.9
2022-01-27,4325.0,0.27211,0.27081,57.1,49.6
2022-01-28,4430.0,0.2091,0.14485,32.22,31.1
2022-02-01,4545.0,0.16836,0.17998,82.72,184.08
2022-02-02,4590.0,0.18731,0.12296,77.6,85.16
2022-02-03,4475.0,0.20369,0.21515,100.5,100.35
2022-02-04,4500.0,0.19126,0.18353,101.2,86.0
2022-02-07,4485.0,0.18096,0.19219,92.03,75.76
2022-02-08,4520.0,0.16168,0.17792,72.28,79.83
2022-02-09,4585.0,0.16267,0.14283,56.79,68.1
2022-02-10,4505.0,0.20872,0.17049,81.25,84.7
2022-02-11,4420.0,0.22108,0.22737,96.2,93.5
2022-02-14,4400.0,0.22336,0.23725,76.46,82.9
2022-02-15,4470.0,0.20543,0.17493,58.1,66.7
2022-02-16,4475.0,0.18046,0.16484,61.8,63.94
2022-02-17,4380.0,0.22577,0.23017,84.3,67.42
2022-02-18,4345.0,0.22932,0.23326,75.6,65.32
2022-02-21,4350.0,0.27702,0.25926,70.83,66.07
2022-02-22,4305.0,0.24515,0.24981,54.1,60.0
2022-02-23,4225.0,0.2508,0.24595,53.42,51.96
2022-02-24,4290.0,0.28091,0.14777,43.8,47.1
2022-02-25,4385.0,0.175,0.17062,29.7,30.6
2022-03-01,4305.0,0.2826,0.28527,142.2,144.0
2022-03-02,4385.0,0.25748,0.2473,119.24,123.89
2022-03-03,4365.0,0.30473,0.1972,127.45,116.35
2022-03-04,4330.0,0.27549,0.25968,122.9,140.3
2022-03-07,4200.0,0.31626,0.29983,206.7,132.0
2022-03-08,4170.0,0.31181,0.2901,161.2,117.6
2022-03-09,4280.0,0.27182,0.27738,119.65,117.0
2022-03-10,4260.0,0.26962,0.25594,109.67,109.38
2022-03-11,4205.0,0.26379,0.27966,121.7,108.2
2022-03-14,4170.0,0.28642,0.29322,121.5,107.36
2022-03-15,4265.0,0.2755,0.25696,86.4,131.84
2022-03-16,4360.0,0.2245,0.22691,69.98,162.99
2022-03-17,4410.0,0.21776,0.1952,64.0,75.38
2022-03-18,4465.0,0.19203,0.1979,63.5,70.5
2022-03-21,4460.0,0.21148,0.18076,56.48,57.3
2022-03-22,4510.0,0.18655,0.18739,52.1,59.02
2022-03-23,4455.0,0.19684,0.19248,74.39,47.57
2022-03-24,4520.0,0.16932,0.16907,41.97,54.0
2022-03-25,4545.0,0.14775,0.14901,31.2,40.3
2022-03-28,4575.0,0.15263,0.13728,24.93,31.3
2022-03-29,4630.0,0.17106,0.10554,25.6,21.9
2022-03-30,4605.0,0.12135,0.13306,14.14,26.08
2022-04-01,4545.0,0.16024,0.14782,71.61,90.1
2022-04-04,4585.0,0.14451,0.13302,65.89,72.96
2022-04-05,4525.0,0.16361,0.16631,75.23,81.07
2022-04-06,4480.0,0.19114,0.15847,83.77,85.1
2022-04-07,4500.0,0.16615,0.17078,81.77,70.25
2022-04-08,4490.0,0.16188,0.16972,78.52,68.14
2022-04-11,4415.0,0.19893,0.20149,89.05,72.1
2022-04-12,4400.0,0.19896,0.20469,76.85,79.18
2022-04-13,4445.0,0.16569,0.17732,63.7,63.4
2022-04-14,4390.0,0.18397,0.18021,85.52,63.3
2022-04-15,4395.0,0.18767,0.19005,63.78,68.7
2022-04-18,4390.0,0.18477,0.19234,52.54,68.96
2022-04-19,4465.0,0.19989,0.13674,50.5,60.4
2022-04-20,4460.0,0.16948,0.17395,48.92,50.98
2022-04-21,4395.0,0.20781,0.17888,56.2,52.7
2022-04-22,4270.0,0.26518,0.22834,63.9,46.8
2022-04-25,4295.0,0.2724,0.25228,53.2,52.0
2022-04-26,4175.0,0.33378,0.32188,78.48,50.68
2022-04-27,4185.0,0.31418,0.27823,45.8,43.89
2022-04-28,4290.0,0.41007,0.00149,27.2,32.22
2022-05-02,4155.0,0.26905,0.26367,93.45,32.06
2022-05-03,4175.0,0.24448,0.25719,121.1,183.83
2022-05-04,4300.0,0.22326,0.20198,96.66,178.66
2022-05-05,4150.0,0.26473,0.27619,116.22,138.0
2022-05-06,4125.0,0.26635,0.25,138.75,126.6
2022-05-09,3995.0,0.29719,0.30935,128.75,90.94
2022-05-10,4000.0,0.3006,0.28382,124.3,115.43
2022-05-12,3930.0,0.28338,0.29729,83.2,98.7
2022-05-13,4025.0,0.26435,0.24999,52.2,97.3
2022-05-16,4010.0,0.23498,0.25747,101.3,83.32
2022-05-17,4090.0,0.21982,0.23687,52.2,93.32
2022-05-18,3925.0,0.29183,0.23835,77.7,88.0
2022-05-19,3900.0,0.25549,0.25708,74.77,68.2
2022-05-20,3900.0,0.24052,0.25644,69.0,105.5
2022-05-23,3975.0,0.29518,0.1854,58.1,58.69
2022-05-24,3945.0,0.23453,0.26007,49.9,75.6
2022-05-25,3980.0,0.22045,0.22675,46.7,51.7
2022-05-26,4060.0,0.17991,0.18447,41.2,36.4
2022-05-27,4160.0,0.12653,0.13753,21.9,28.94
2022-05-30,4160.0,0.32013,0.11162,28.2,26.1
2022-06-01,4100.0,0.23436,0.23283,109.07,101.2
2022-06-02,4175.0,0.21379,0.22756,90.7,134.13
2022-06-03,4110.0,0.22174,0.23152,102.7,97.0
2022-06-06,4120.0,0.22844,0.22756,96.0,93.65
2022-06-07,4160.0,0.22753,0.21001,81.35,106.64
2022-06-08,4115.0,0.21756,0.22187,93.7,91.6
2022-06-09,4015.0,0.2441,0.24559,201.3,55.6
2022-06-10,3900.0,0.25472,0.26666,102.24,92.01
2022-06-13,3750.0,0.31765,0.32518,104.15,111.9
2022-06-14,3735.0,0.2981,0.30078,101.37,109.15
2022-06-15,3790.0,0.27675,0.28606,80.65,105.6
2022-06-16,3670.0,0.29633,0.3053,86.5,92.04
2022-06-20,3675.0,0.35662,0.23725,78.79,75.91
2022-06-21,3765.0,0.28956,0.24937,66.9,63.36
2022-06-22,3760.0,0.2904,0.2199,74.65,63.1
2022-06-23,3795.0,0.27491,0.22923,54.7,66.87
2022-06-27,3900.0,0.24149,0.26488,38.3,44.82
2022-06-28,3820.0,0.26905,0.26434,37.26,33.9
2022-06-29,3820.0,0.24926,0.24535,26.8,25.0
2022-07-01,3825.0,0.24225,0.25453,106.7,105.45
2022-07-04,3825.0,0.237,0.27567,106.7,105.45
2022-07-05,3830.0,0.2512,0.2669,98.53,107.65
2022-07-06,3845.0,0.25775,0.24961,91.1,108.2
2022-07-07,3900.0,0.25082,0.22953,95.37,89.68
2022-07-08,3900.0,0.21958,0.23763,87.3,84.0
2022-07-11,3855.0,0.23726,0.25795,83.54,75.95
2022-07-12,3820.0,0.25528,0.26425,83.9,89.81
2022-07-13,3800.0,0.28536,0.22611,93.96,79.4
2022-07-14,3790.0,0.24428,0.26191,79.6,82.1
2022-07-15,3865.0,0.21677,0.23119,66.7,75.39
2022-07-18,3830.0,0.24524,0.24485,67.25,66.7
2022-07-19,3935.0,0.23393,0.24557,65.25,64.73
2022-07-20,3960.0,0.25037,0.20982,59.8,58.3
2022-07-21,4000.0,0.23966,0.17482,51.2,59.1
2022-07-22,3960.0,0.20601,0.2057,46.92,51.6
2022-07-25,3965.0,0.26462,0.21055,42.85,52.5
2022-07-26,3920.0,0.28054,0.28054,43.4,44.1
2022-07-27,4025.0,0.26771,0.14838,30.6,30.7
2022-07-28,4070.0,0.16996,0.18145,20.52,19.2
2022-08-01,4120.0,0.19432,0.20181,96.2,94.03
2022-08-02,4090.0,0.20215,0.21459,121.97,85.7
2022-08-03,4155.0,0.19424,0.18701,82.29,105.4
2022-08-04,4150.0,0.17837,0.19605,85.1,86.8
2022-08-05,4145.0,0.18152,0.17657,80.2,90.49
2022-08-08,4140.0,0.17489,0.1908,77.98,76.43
2022-08-09,4125.0,0.17838,0.1999,75.1,79.7
2022-08-10,4210.0,0.16137,0.17131,67.7,68.3
2022-08-11,4205.0,0.16132,0.17964,68.15,68.0
2022-08-12,4280.0,0.16321,0.16162,60.8,66.6
2022-08-15,4295.0,0.17551,0.15644,64.1,72.1
2022-08-16,4305.0,0.15881,0.16818,54.6,57.3
2022-08-17,4275.0,0.18406,0.15615,59.7,49.6
2022-08-18,4285.0,0.1613,0.15347,55.0,60.9
2022-08-19,4230.0,0.16921,0.15667,51.45,51.97
2022-08-22,4140.0,0.20021,0.20303,53.7,56.85
2022-08-23,4130.0,0.20362,0.19842,53.48,49.42
2022-08-24,4140.0,0.18404,0.19023,48.8,43.5
2022-08-25,4200.0,0.19142,0.16618,36.56,53.3
2022-08-26,4060.0,0.23637,0.14319,53.6,37.7
2022-08-29,4030.0,0.21099,0.21088,30.5,27.5
2022-08-30,3985.0,0.20918,0.17995,22.61,19.69
2022-09-01,3970.0,0.22474,0.22529,98.15,125.16
2022-09-02,3925.0,0.21588,0.24592,100.0,102.9
2022-09-05,3925.0,0.24097,0.23474,100.0,102.9
2022-09-06,3910.0,0.2614,0.22402,97.5,95.3
2022-09-07,3980.0,0.21405,0.22992,94.85,88.7
2022-09-08,4005.0,0.20164,0.22055,70.12,90.48
2022-09-09,4070.0,0.20175,0.2044,81.9,79.5
2022-09-12,4110.0,0.21194,0.2264,79.9,81.7
2022-09-13,3935.0,0.23755,0.25534,86.0,90.0
2022-09-14,3945.0,0.23286,0.24297,73.45,94.1
2022-09-15,3900.0,0.2592,0.22934,82.0,77.35
2022-09-16,3875.0,0.24536,0.24803,78.0,74.8
2022-09-19,3900.0,0.24911,0.26024,72.1,72.3
2022-09-20,3855.0,0.27792,0.28565,75.7,68.6
2022-09-21,3790.0,0.30883,0.26496,102.4,66.6
2022-09-22,3755.0,0.26337,0.25325,70.0,53.9
2022-09-23,3695.0,0.27027,0.28858,57.8,66.68
2022-09-26,3655.0,0.34644,0.34657,64.9,52.0
2022-09-27,3650.0,0.32786,0.33897,48.0,47.66
2022-09-28,3720.0,0.31591,0.2713,40.1,31.9
2022-09-29,3640.0,0.30883,0.30141,33.8,28.2
